{
  "name": "angular-input-masks",
  "version": "2.5.0",
  "homepage": "https://github.com/assisrafael/angular-input-masks",
  "authors": [
    "Igor Rafael <igor.rafael@gmail.com>"
  ],
  "description": "Personalized and localized input masks for AngularJS",
  "main": "angular-input-masks-standalone.js",
  "keywords": [
    "angular",
    "input",
    "masks"
  ],
  "dependencies": {
    "angular": "^1.3.16"
  },
  "license": "MIT",
  "ignore": [
    "**/.*",
    "node_modules",
    "bower_components",
    "test",
    "tests"
  ],
  "_release": "2.5.0",
  "_resolution": {
    "type": "version",
    "tag": "2.5.0",
    "commit": "d099221effc54c7924627908e9cf071f43a766cf"
  },
  "_source": "https://github.com/assisrafael/bower-angular-input-masks.git",
  "_target": "^2.5.0",
  "_originalSource": "angular-input-masks"
}